'Harrowing' neglect case: Woman kept 50 cats (APN),http://news.feedzilla.com/en_us/stories/science/411380621?client_source=api&format=json,"An Auckland woman who kept 50 cats living in disgusting conditions with
serious infections and ailments has been sentenced for her neglect.Tatyana
Kondratyeva, 51, was found guilty of failing to ensure the physical, health
and behavioural...

"
"65,000 Complaints Later, Microsoft Files Suit Against Tech Support Scammers","65,000 Complaints Later, Microsoft Files Suit Against Tech Support Scammers","MojoKid (1002251) writes Tech support scammers have been around for a long time and are familiar to most Slashdot readers. But last month, the Federal Trade Commission (FTC) announced that it had issued lawsuits against several culprits responsible for tech support scams. Now Microsoft has announced that it too is going after tech support scammers. According to the company, more than 65,000 complaints have been made about tech support scams since May of this year alone. Bogus technicians, pretending to represent Microsoft, call the house offering fake tech support and trick people into paying hundreds of dollars to solve a non-existent issue. If successful in their ruse, the scammer then gains access to a person's computer, which lets them steal personal and financial information and even install malware. I managed to keep one of these guys on the phone for about 20 minutes while I stumbled through his directions, over and over, ""rebooting,"" pretending to be using Windows, etc; the next one caught on my quickly. Have they called you? If so, how did the call go?<p><div class=""share_submission"" style=""position:relative;""> <a class=""slashpop"" href=""http://twitter.com/home?status=65%2C000+Complaints+Later%2C+Microsoft+Files+Suit+Against+Tech+Support+Scammers%3A+http%3A%2F%2Fbit.ly%2F13mZZeP""><img src=""http://a.fsdn.com/sd/twitter_icon_large.png""></a> <a class=""slashpop"" href=""http://www.facebook.com/sharer.php?u=http%3A%2F%2Fyro.slashdot.org%2Fstory%2F14%2F12%2F20%2F040252%2F65000-complaints-later-microsoft-files-suit-against-tech-support-scammers%3Futm_source%3Dslashdot%26utm_medium%3Dfacebook""><img src=""http://a.fsdn.com/sd/facebook_icon_large.png""></a> <a class=""nobg"" href=""http://plus.google.com/share?url=http://yro.slashdot.org/story/14/12/20/040252/65000-complaints-later-microsoft-files-suit-against-tech-support-scammers?utm_source=slashdot&amp;utm_medium=googleplus"" onclick=""javascript:window.open(this.href,'', 'menubar=no,toolbar=no,resizable=yes,scrollbars=yes,height=600,width=600');return false;""><img src=""http://www.gstatic.com/images/icons/gplus-16.png"" alt=""Share on Google+""/></a> </div></p><p><a href=""http://yro.slashdot.org/story/14/12/20/040252/65000-complaints-later-microsoft-files-suit-against-tech-support-scammers?utm_source=rss1.0moreanon&amp;utm_medium=feed"">Read more of this story</a> at Slashdot.</p><iframe src=""http://slashdot.org/slashdot-it.pl?op=discuss&amp;id=6456331&amp;smallembed=1"" style=""height: 300px; width: 100%; border: none;""></iframe><img width='1' height='1' src='http://slashdot.feedsportal.com/c/35028/f/647410/s/41a3b48a/sc/1/mf.gif' border='0'/><br clear='all'/><br/><br/><a href=""http://da.feedsportal.com/r/216443112980/u/49/f/647410/c/35028/s/41a3b48a/sc/1/rc/1/rc.htm"" rel=""nofollow""><img src=""http://da.feedsportal.com/r/216443112980/u/49/f/647410/c/35028/s/41a3b48a/sc/1/rc/1/rc.img"" border=""0""/></a><br/><a href=""http://da.feedsportal.com/r/216443112980/u/49/f/647410/c/35028/s/41a3b48a/sc/1/rc/2/rc.htm"" rel=""nofollow""><img src=""http://da.feedsportal.com/r/216443112980/u/49/f/647410/c/35028/s/41a3b48a/sc/1/rc/2/rc.img"" border=""0""/></a><br/><a href=""http://da.feedsportal.com/r/216443112980/u/49/f/647410/c/35028/s/41a3b48a/sc/1/rc/3/rc.htm"" rel=""nofollow""><img src=""http://da.feedsportal.com/r/216443112980/u/49/f/647410/c/35028/s/41a3b48a/sc/1/rc/3/rc.img"" border=""0""/></a><br/><br/><a href=""http://da.feedsportal.com/r/216443112980/u/49/f/647410/c/35028/s/41a3b48a/sc/1/a2.htm""><img src=""http://da.feedsportal.com/r/216443112980/u/49/f/647410/c/35028/s/41a3b48a/sc/1/a2.img"" border=""0""/></a><img width=""1"" height=""1"" src=""http://pi.feedsportal.com/r/216443112980/u/49/f/647410/c/35028/s/41a3b48a/sc/1/a2t.img"" border=""0""/><img src=""//feeds.feedburner.com/~r/Slashdot/slashdot/~4/biHL7kT6vLg"" height=""1"" width=""1"" alt=""""/>"
"As more networks live stream, is it time to cut the cord? (CBS News)",http://news.feedzilla.com/en_us/stories/science/411437411?client_source=api&format=json,"Just this week NBC joined CBS, ABC and HBO in offering live streaming of its
programming to computers, smartphones and other mobile devices. CNET senior
editor Dan Ackerman joins ""CBS This Morning: Saturday"" to discuss this change.

"
Ask Slashdot: Is an Open Source </nobr>.NET Up To the Job?,Ask Slashdot: Is an Open Source </nobr>.NET Up To the Job?,"Rob Y. writes: The discussion on Slashdot about Microsoft's move to open source .NET core has centered on: 1. whether this means Microsoft is no longer the enemy of the open source movement 2. if not, then does it mean Microsoft has so lost in the web server arena that it's resorting to desperate moves. 3. or nah &mdash; it's standard Microsoft operating procedure. Embrace, extend, extinguish. What I'd like to ask is whether anybody that's not currently a .NET fan actually wants to use it? Open source or not. What is the competition? Java? PHP? Ruby? Node.js? All of the above? Anything but Microsoft? Because as an OSS advocate, I see only one serious reason to even consider using it &mdash; standardization. Any of those competing platforms could be as good or better, but the problem is: how to get a job in this industry when there are so many massively complex platforms out there. I'm still coding in C, and at 62, will probably live out my working days doing that. But I can still remember when learning a new programming language was no big deal. Even C required learning a fairly large library to make it useful, but it's nothing compared to what's out there today. And worse, jobs (and technologies) don't last like they used to. Odds are, in a few years, you'll be starting over in yet another job where they use something else. Employers love standardization. Choosing a standard means you can't be blamed for your choice. Choosing a standard means you can recruit young, cheap developers and actually get some output from them before they move on. Or you can outsource with some hope of success (because that's what outsourcing firms do &mdash; recruit young, cheap devs and rotate them around). To me, those are red flags &mdash; not pluses at all. But they're undeniable pluses to greedy employers. Of course, there's much more to being an effective developer than knowing the platform so you can be easily slotted in to a project. But try telling that to the private equity guys running too much of the show these days. So, assuming Microsoft is sincere about this open source move, 1. Is .NET up to the job? 2. Is there an open source choice today that's popular enough to be considered the standard that employers would like? 3. If the answer to 1 is yes and 2 is no, make the argument for avoiding .NET.<p><div class=""share_submission"" style=""position:relative;""> <a class=""slashpop"" href=""http://twitter.com/home?status=Ask+Slashdot%3A+Is+an+Open+Source+.NET+Up+To+the+Job%3F%3A+http%3A%2F%2Fbit.ly%2F1AHjLxc""><img src=""http://a.fsdn.com/sd/twitter_icon_large.png""></a> <a class=""slashpop"" href=""http://www.facebook.com/sharer.php?u=http%3A%2F%2Fask.slashdot.org%2Fstory%2F14%2F12%2F20%2F2331202%2Fask-slashdot-is-an-open-source-net-up-to-the-job%3Futm_source%3Dslashdot%26utm_medium%3Dfacebook""><img src=""http://a.fsdn.com/sd/facebook_icon_large.png""></a> <a class=""nobg"" href=""http://plus.google.com/share?url=http://ask.slashdot.org/story/14/12/20/2331202/ask-slashdot-is-an-open-source-net-up-to-the-job?utm_source=slashdot&amp;utm_medium=googleplus"" onclick=""javascript:window.open(this.href,'', 'menubar=no,toolbar=no,resizable=yes,scrollbars=yes,height=600,width=600');return false;""><img src=""http://www.gstatic.com/images/icons/gplus-16.png"" alt=""Share on Google+""/></a> </div></p><p><a href=""http://ask.slashdot.org/story/14/12/20/2331202/ask-slashdot-is-an-open-source-net-up-to-the-job?utm_source=rss1.0moreanon&amp;utm_medium=feed"">Read more of this story</a> at Slashdot.</p><iframe src=""http://slashdot.org/slashdot-it.pl?op=discuss&amp;id=6465599&amp;smallembed=1"" style=""height: 300px; width: 100%; border: none;""></iframe><img width='1' height='1' src='http://slashdot.feedsportal.com/c/35028/f/647410/s/41a5ff55/sc/4/mf.gif' border='0'/><br clear='all'/><br/><br/><a href=""http://da.feedsportal.com/r/216443122689/u/49/f/647410/c/35028/s/41a5ff55/sc/4/rc/1/rc.htm"" rel=""nofollow""><img src=""http://da.feedsportal.com/r/216443122689/u/49/f/647410/c/35028/s/41a5ff55/sc/4/rc/1/rc.img"" border=""0""/></a><br/><a href=""http://da.feedsportal.com/r/216443122689/u/49/f/647410/c/35028/s/41a5ff55/sc/4/rc/2/rc.htm"" rel=""nofollow""><img src=""http://da.feedsportal.com/r/216443122689/u/49/f/647410/c/35028/s/41a5ff55/sc/4/rc/2/rc.img"" border=""0""/></a><br/><a href=""http://da.feedsportal.com/r/216443122689/u/49/f/647410/c/35028/s/41a5ff55/sc/4/rc/3/rc.htm"" rel=""nofollow""><img src=""http://da.feedsportal.com/r/216443122689/u/49/f/647410/c/35028/s/41a5ff55/sc/4/rc/3/rc.img"" border=""0""/></a><br/><br/><a href=""http://da.feedsportal.com/r/216443122689/u/49/f/647410/c/35028/s/41a5ff55/sc/4/a2.htm""><img src=""http://da.feedsportal.com/r/216443122689/u/49/f/647410/c/35028/s/41a5ff55/sc/4/a2.img"" border=""0""/></a><img width=""1"" height=""1"" src=""http://pi.feedsportal.com/r/216443122689/u/49/f/647410/c/35028/s/41a5ff55/sc/4/a2t.img"" border=""0""/><img src=""//feeds.feedburner.com/~r/Slashdot/slashdot/~4/4wpnCmtarW4"" height=""1"" width=""1"" alt=""""/>"
Behind New York's fracking ban (climateark),http://news.feedzilla.com/en_us/stories/science/411442174?client_source=api&format=json,"US News and World Report: New York is set to become the second state in the
nation to ban fracking. Hundreds of studies have linked the controversial oil
and gas extraction process – and the chemicals leaked from fracking sites – to
air and water contamination, as well as a host of health issues, from
headaches and nosebleeds to asthma, neurological disorders and potential
cancers. Energy companies and trade groups have vigorously criticized many of
the studies. Yet Gov. Andrew Cuomo, in deciding to formalize the Empire...

"
Behind the Scenes With the Star Trek Fan Reboot,Behind the Scenes With the Star Trek Fan Reboot,"SternisheFan writes: The original Starship Enterprise was on a 5-year mission, but the original series was canceled after the third year. A continuation of Star Trek:TOS is being created by a dedicated cast and crew intent on keeping true to the spirit of Gene Roddenberry's television show. From recreating the original sets with incredible accuracy and attention to details, staying faithful to original storylines has been a true labor of love for all involved. Here are a series of videos showing the progress being made on recreating the iconic series. (And if you missed it last time, here's the first episode they produced.)<p><div class=""share_submission"" style=""position:relative;""> <a class=""slashpop"" href=""http://twitter.com/home?status=Behind+the+Scenes+With+the+Star+Trek+Fan+Reboot%3A+http%3A%2F%2Fbit.ly%2F1vbYCHF""><img src=""http://a.fsdn.com/sd/twitter_icon_large.png""></a> <a class=""slashpop"" href=""http://www.facebook.com/sharer.php?u=http%3A%2F%2Fnews.slashdot.org%2Fstory%2F14%2F12%2F20%2F1920208%2Fbehind-the-scenes-with-the-star-trek-fan-reboot%3Futm_source%3Dslashdot%26utm_medium%3Dfacebook""><img src=""http://a.fsdn.com/sd/facebook_icon_large.png""></a> <a class=""nobg"" href=""http://plus.google.com/share?url=http://news.slashdot.org/story/14/12/20/1920208/behind-the-scenes-with-the-star-trek-fan-reboot?utm_source=slashdot&amp;utm_medium=googleplus"" onclick=""javascript:window.open(this.href,'', 'menubar=no,toolbar=no,resizable=yes,scrollbars=yes,height=600,width=600');return false;""><img src=""http://www.gstatic.com/images/icons/gplus-16.png"" alt=""Share on Google+""/></a> </div></p><p><a href=""http://news.slashdot.org/story/14/12/20/1920208/behind-the-scenes-with-the-star-trek-fan-reboot?utm_source=rss1.0moreanon&amp;utm_medium=feed"">Read more of this story</a> at Slashdot.</p><iframe src=""http://slashdot.org/slashdot-it.pl?op=discuss&amp;id=6465307&amp;smallembed=1"" style=""height: 300px; width: 100%; border: none;""></iframe><img width='1' height='1' src='http://slashdot.feedsportal.com/c/35028/f/647410/s/41a5eabf/sc/17/mf.gif' border='0'/><br clear='all'/><br/><br/><a href=""http://da.feedsportal.com/r/216443078193/u/49/f/647410/c/35028/s/41a5eabf/sc/17/rc/1/rc.htm"" rel=""nofollow""><img src=""http://da.feedsportal.com/r/216443078193/u/49/f/647410/c/35028/s/41a5eabf/sc/17/rc/1/rc.img"" border=""0""/></a><br/><a href=""http://da.feedsportal.com/r/216443078193/u/49/f/647410/c/35028/s/41a5eabf/sc/17/rc/2/rc.htm"" rel=""nofollow""><img src=""http://da.feedsportal.com/r/216443078193/u/49/f/647410/c/35028/s/41a5eabf/sc/17/rc/2/rc.img"" border=""0""/></a><br/><a href=""http://da.feedsportal.com/r/216443078193/u/49/f/647410/c/35028/s/41a5eabf/sc/17/rc/3/rc.htm"" rel=""nofollow""><img src=""http://da.feedsportal.com/r/216443078193/u/49/f/647410/c/35028/s/41a5eabf/sc/17/rc/3/rc.img"" border=""0""/></a><br/><br/><a href=""http://da.feedsportal.com/r/216443078193/u/49/f/647410/c/35028/s/41a5eabf/sc/17/a2.htm""><img src=""http://da.feedsportal.com/r/216443078193/u/49/f/647410/c/35028/s/41a5eabf/sc/17/a2.img"" border=""0""/></a><img width=""1"" height=""1"" src=""http://pi.feedsportal.com/r/216443078193/u/49/f/647410/c/35028/s/41a5eabf/sc/17/a2t.img"" border=""0""/><img src=""//feeds.feedburner.com/~r/Slashdot/slashdot/~4/-vnZHwL_32c"" height=""1"" width=""1"" alt=""""/>"
"Bio Bigwigs Go after Drugs for Parkinson's, Alzheimer’s and ALS (Scientific American)",http://news.feedzilla.com/en_us/stories/science/411420355?client_source=api&format=json,"Lists of the biggest challenges in brain science often start--or end--with
consciousness. ""End"" because consciousness is considered so overwhelming a
hack that it merits coming...


-- Read more on ScientificAmerican.com

"
Birds Fled Area Before Tornadoes Appeared,Birds Fled Area Before Tornadoes Appeared,"SternisheFan sends a report from scientists who were tracking a group of birds &mdash; golden-winged warblers &mdash; in the Appalachian mountains. Just a few days after the birds completed their seasonal migration, they did something odd &mdash; they picked up and moved again. Shortly thereafter, a series of storms swept through that area of the U.S., which led to a destructive tornado outbreak (abstract). After the storm had blown over, the team recaptured five of the warblers and removed the geolocators. These are tiny devices weighing about half a gram, which measure light levels. Based on the timing and length of the days they record, these gadgets allow scientists to calculate and track the approximate location of migratory birds. In this case, all five indicated that the birds had taken unprecedented evasive action, beginning one to two days ahead of the storm's arrival. ""The warblers in our study flew at least 1,500km (932 miles) in total,"" Dr. Streby said. They escaped just south of the tornadoes' path &mdash; and then went straight home again. By 2 May, all five were back in their nesting area.""<p><div class=""share_submission"" style=""position:relative;""> <a class=""slashpop"" href=""http://twitter.com/home?status=Birds+Fled+Area+Before+Tornadoes+Appeared%3A+http%3A%2F%2Fbit.ly%2F13NaCJ7""><img src=""http://a.fsdn.com/sd/twitter_icon_large.png""></a> <a class=""slashpop"" href=""http://www.facebook.com/sharer.php?u=http%3A%2F%2Fscience.slashdot.org%2Fstory%2F14%2F12%2F20%2F1458213%2Fbirds-fled-area-before-tornadoes-appeared%3Futm_source%3Dslashdot%26utm_medium%3Dfacebook""><img src=""http://a.fsdn.com/sd/facebook_icon_large.png""></a> <a class=""nobg"" href=""http://plus.google.com/share?url=http://science.slashdot.org/story/14/12/20/1458213/birds-fled-area-before-tornadoes-appeared?utm_source=slashdot&amp;utm_medium=googleplus"" onclick=""javascript:window.open(this.href,'', 'menubar=no,toolbar=no,resizable=yes,scrollbars=yes,height=600,width=600');return false;""><img src=""http://www.gstatic.com/images/icons/gplus-16.png"" alt=""Share on Google+""/></a> </div></p><p><a href=""http://science.slashdot.org/story/14/12/20/1458213/birds-fled-area-before-tornadoes-appeared?utm_source=rss1.0moreanon&amp;utm_medium=feed"">Read more of this story</a> at Slashdot.</p><iframe src=""http://slashdot.org/slashdot-it.pl?op=discuss&amp;id=6463793&amp;smallembed=1"" style=""height: 300px; width: 100%; border: none;""></iframe><img width='1' height='1' src='http://slashdot.feedsportal.com/c/35028/f/647410/s/41a488d2/sc/8/mf.gif' border='0'/><br clear='all'/><br/><br/><a href=""http://da.feedsportal.com/r/216443073582/u/49/f/647410/c/35028/s/41a488d2/sc/8/rc/1/rc.htm"" rel=""nofollow""><img src=""http://da.feedsportal.com/r/216443073582/u/49/f/647410/c/35028/s/41a488d2/sc/8/rc/1/rc.img"" border=""0""/></a><br/><a href=""http://da.feedsportal.com/r/216443073582/u/49/f/647410/c/35028/s/41a488d2/sc/8/rc/2/rc.htm"" rel=""nofollow""><img src=""http://da.feedsportal.com/r/216443073582/u/49/f/647410/c/35028/s/41a488d2/sc/8/rc/2/rc.img"" border=""0""/></a><br/><a href=""http://da.feedsportal.com/r/216443073582/u/49/f/647410/c/35028/s/41a488d2/sc/8/rc/3/rc.htm"" rel=""nofollow""><img src=""http://da.feedsportal.com/r/216443073582/u/49/f/647410/c/35028/s/41a488d2/sc/8/rc/3/rc.img"" border=""0""/></a><br/><br/><a href=""http://da.feedsportal.com/r/216443073582/u/49/f/647410/c/35028/s/41a488d2/sc/8/a2.htm""><img src=""http://da.feedsportal.com/r/216443073582/u/49/f/647410/c/35028/s/41a488d2/sc/8/a2.img"" border=""0""/></a><img width=""1"" height=""1"" src=""http://pi.feedsportal.com/r/216443073582/u/49/f/647410/c/35028/s/41a488d2/sc/8/a2t.img"" border=""0""/><img src=""//feeds.feedburner.com/~r/Slashdot/slashdot/~4/a0Kyfzu3PIg"" height=""1"" width=""1"" alt=""""/>"
Boeing and BlackBerry Making a Self-Destructing Phone,Boeing and BlackBerry Making a Self-Destructing Phone,"Rambo Tribble writes: It sounds like a Mission: Impossible scenario, but aerospace company Boeing is teaming with Canadian phone maker BlackBerry to produce an ultra-secure mobile phone that ""self-destructs."" The phone uses encryption on calls and is intended to serve the high-security needs of government and industry. As Blackberry CEO John Chen said, ""We're pleased to announce that Boeing is collaborating with BlackBerry to provide a secure mobile solution for Android devices utilizing our BES 12 platform. That, by the way, is all they allow me to say."" No word yet if you'll need the services of the bomb squad when you go over your minutes.<p><div class=""share_submission"" style=""position:relative;""> <a class=""slashpop"" href=""http://twitter.com/home?status=Boeing+and+BlackBerry+Making+a+Self-Destructing+Phone%3A+http%3A%2F%2Fbit.ly%2F1w96g4X""><img src=""http://a.fsdn.com/sd/twitter_icon_large.png""></a> <a class=""slashpop"" href=""http://www.facebook.com/sharer.php?u=http%3A%2F%2Fmobile.slashdot.org%2Fstory%2F14%2F12%2F20%2F1613202%2Fboeing-and-blackberry-making-a-self-destructing-phone%3Futm_source%3Dslashdot%26utm_medium%3Dfacebook""><img src=""http://a.fsdn.com/sd/facebook_icon_large.png""></a> <a class=""nobg"" href=""http://plus.google.com/share?url=http://mobile.slashdot.org/story/14/12/20/1613202/boeing-and-blackberry-making-a-self-destructing-phone?utm_source=slashdot&amp;utm_medium=googleplus"" onclick=""javascript:window.open(this.href,'', 'menubar=no,toolbar=no,resizable=yes,scrollbars=yes,height=600,width=600');return false;""><img src=""http://www.gstatic.com/images/icons/gplus-16.png"" alt=""Share on Google+""/></a> </div></p><p><a href=""http://mobile.slashdot.org/story/14/12/20/1613202/boeing-and-blackberry-making-a-self-destructing-phone?utm_source=rss1.0moreanon&amp;utm_medium=feed"">Read more of this story</a> at Slashdot.</p><iframe src=""http://slashdot.org/slashdot-it.pl?op=discuss&amp;id=6464437&amp;smallembed=1"" style=""height: 300px; width: 100%; border: none;""></iframe><img width='1' height='1' src='http://slashdot.feedsportal.com/c/35028/f/647410/s/41a4836c/sc/5/mf.gif' border='0'/><br clear='all'/><br/><br/><a href=""http://da.feedsportal.com/r/216443067986/u/49/f/647410/c/35028/s/41a4836c/sc/5/rc/1/rc.htm"" rel=""nofollow""><img src=""http://da.feedsportal.com/r/216443067986/u/49/f/647410/c/35028/s/41a4836c/sc/5/rc/1/rc.img"" border=""0""/></a><br/><a href=""http://da.feedsportal.com/r/216443067986/u/49/f/647410/c/35028/s/41a4836c/sc/5/rc/2/rc.htm"" rel=""nofollow""><img src=""http://da.feedsportal.com/r/216443067986/u/49/f/647410/c/35028/s/41a4836c/sc/5/rc/2/rc.img"" border=""0""/></a><br/><a href=""http://da.feedsportal.com/r/216443067986/u/49/f/647410/c/35028/s/41a4836c/sc/5/rc/3/rc.htm"" rel=""nofollow""><img src=""http://da.feedsportal.com/r/216443067986/u/49/f/647410/c/35028/s/41a4836c/sc/5/rc/3/rc.img"" border=""0""/></a><br/><br/><a href=""http://da.feedsportal.com/r/216443067986/u/49/f/647410/c/35028/s/41a4836c/sc/5/a2.htm""><img src=""http://da.feedsportal.com/r/216443067986/u/49/f/647410/c/35028/s/41a4836c/sc/5/a2.img"" border=""0""/></a><img width=""1"" height=""1"" src=""http://pi.feedsportal.com/r/216443067986/u/49/f/647410/c/35028/s/41a4836c/sc/5/a2t.img"" border=""0""/><img src=""//feeds.feedburner.com/~r/Slashdot/slashdot/~4/F5i6N726lXc"" height=""1"" width=""1"" alt=""""/>"
Calculus Textbook Author James Stewart Has Died,Calculus Textbook Author James Stewart Has Died,"Onnimikki writes James Stewart, author of the calculus textbooks many of us either loved or loved to hate, has died. In case you ever wondered what the textbook was funding, this story has the answer: a $32 million dollar home over-looking a ravine in Toronto, Canada.<p><div class=""share_submission"" style=""position:relative;""> <a class=""slashpop"" href=""http://twitter.com/home?status=Calculus+Textbook+Author+James+Stewart+Has+Died%3A+http%3A%2F%2Fbit.ly%2F13mp35D""><img src=""http://a.fsdn.com/sd/twitter_icon_large.png""></a> <a class=""slashpop"" href=""http://www.facebook.com/sharer.php?u=http%3A%2F%2Fscience.slashdot.org%2Fstory%2F14%2F12%2F20%2F0036210%2Fcalculus-textbook-author-james-stewart-has-died%3Futm_source%3Dslashdot%26utm_medium%3Dfacebook""><img src=""http://a.fsdn.com/sd/facebook_icon_large.png""></a> <a class=""nobg"" href=""http://plus.google.com/share?url=http://science.slashdot.org/story/14/12/20/0036210/calculus-textbook-author-james-stewart-has-died?utm_source=slashdot&amp;utm_medium=googleplus"" onclick=""javascript:window.open(this.href,'', 'menubar=no,toolbar=no,resizable=yes,scrollbars=yes,height=600,width=600');return false;""><img src=""http://www.gstatic.com/images/icons/gplus-16.png"" alt=""Share on Google+""/></a> </div></p><p><a href=""http://science.slashdot.org/story/14/12/20/0036210/calculus-textbook-author-james-stewart-has-died?utm_source=rss1.0moreanon&amp;utm_medium=feed"">Read more of this story</a> at Slashdot.</p><iframe src=""http://slashdot.org/slashdot-it.pl?op=discuss&amp;id=6453631&amp;smallembed=1"" style=""height: 300px; width: 100%; border: none;""></iframe><img width='1' height='1' src='http://slashdot.feedsportal.com/c/35028/f/647410/s/41a11c23/sc/8/mf.gif' border='0'/><br clear='all'/><br/><br/><a href=""http://da.feedsportal.com/r/216443059110/u/49/f/647410/c/35028/s/41a11c23/sc/8/rc/1/rc.htm"" rel=""nofollow""><img src=""http://da.feedsportal.com/r/216443059110/u/49/f/647410/c/35028/s/41a11c23/sc/8/rc/1/rc.img"" border=""0""/></a><br/><a href=""http://da.feedsportal.com/r/216443059110/u/49/f/647410/c/35028/s/41a11c23/sc/8/rc/2/rc.htm"" rel=""nofollow""><img src=""http://da.feedsportal.com/r/216443059110/u/49/f/647410/c/35028/s/41a11c23/sc/8/rc/2/rc.img"" border=""0""/></a><br/><a href=""http://da.feedsportal.com/r/216443059110/u/49/f/647410/c/35028/s/41a11c23/sc/8/rc/3/rc.htm"" rel=""nofollow""><img src=""http://da.feedsportal.com/r/216443059110/u/49/f/647410/c/35028/s/41a11c23/sc/8/rc/3/rc.img"" border=""0""/></a><br/><br/><a href=""http://da.feedsportal.com/r/216443059110/u/49/f/647410/c/35028/s/41a11c23/sc/8/a2.htm""><img src=""http://da.feedsportal.com/r/216443059110/u/49/f/647410/c/35028/s/41a11c23/sc/8/a2.img"" border=""0""/></a><img width=""1"" height=""1"" src=""http://pi.feedsportal.com/r/216443059110/u/49/f/647410/c/35028/s/41a11c23/sc/8/a2t.img"" border=""0""/><img src=""//feeds.feedburner.com/~r/Slashdot/slashdot/~4/hVWfmDUObdc"" height=""1"" width=""1"" alt=""""/>"
Chevron: Big flames at refinery no cause for alarm (The Arizona Republic),http://news.feedzilla.com/en_us/stories/science/411418151?client_source=api&format=json,"RICHMOND, Calif. (AP) -- Large flames and white clouds of steam visible for
miles from a San Francisco Bay Area refinery caused no harm to the surrounding
community....

"
Citizen Science at the California Academy of Sciences (Discover Magazine),http://news.feedzilla.com/en_us/stories/science/411378605?client_source=api&format=json,"Editors Note: This is a guest post by Alison Young, Citizen Science Engagement
Coordinator and Rebecca Johnson, Citizen Science Research Coordinator at the
California Academy of Sciences. It is part of a SciStarter series highlighting
Citizen Science at Science Centers. The authors talk about how the Academy
connects communities to their local biodiversity through citizen science with
the help of iNaturalist, their technology partner. iNaturalist is also part of
more than 800 citizen science pro

"
Could Extinct Clouded Leopards Be Reintroduced in Taiwan? (Scientific American),http://news.feedzilla.com/en_us/stories/science/411420352?client_source=api&format=json,"Two years ago, after an intense 13-year quest, scientists concluded that the
Formosan clouded leopard (Neofelis nebulosa brachyura) had gone extinct in
Taiwan.


-- Read more on ScientificAmerican.com

"
Europa's Icy Jigsaw Puzzle Solved (Discover Magazine),http://news.feedzilla.com/en_us/stories/science/411387595?client_source=api&format=json,"Evidence of plate tectonics is detected on Jupiter's moon.

"
Europe recommends approval for first stem-cell therapy (reuters),http://news.feedzilla.com/en_us/stories/science/411399473?client_source=api&format=json,"LONDON (Reuters) - European regulators have recommended approval of the first
medicine containing stem cells to treat a rare condition caused by burns to
the eye.

"
First Maps from Carbon-Monitoring Satellite Show Global CO2 Levels (Scientific American),http://news.feedzilla.com/en_us/stories/science/411399575?client_source=api&format=json,"Engineers overcame a design flaw in an instrument on NASA's Orbiting Carbon
Observatory-2 to acquire the new high-quality data


-- Read more on ScientificAmerican.com

"
First successful vaccination against 'mad cow'-like wasting disease in deer (Eurekalert),http://news.feedzilla.com/en_us/stories/science/411450502?client_source=api&format=json,"(_NYU Langone Medical Center / New York University School of Medicine_)
Researchers at NYU Langone Medical Center and elsewhere say that a vaccination
they have developed to fight a brain-based, wasting syndrome among deer and
other animals may hold promise on two additional fronts: protecting US
livestock from contracting the disease, and preventing similar brain
infections in humans.

"
Flexible White Organic LEDs Achieve Record Efficiencies (pubs.acs),http://news.feedzilla.com/en_us/stories/science/411413328?client_source=api&format=json,"Electronics: The devices use a new flexible, transparent electrode that
performs better than electrodes in state-of-the-art LEDs

"
"Flourishing, Oysters Go From Long Island Sound’s Floor to the Holiday Table (New York Times)",http://news.feedzilla.com/en_us/stories/science/411427316?client_source=api&format=json,"Once nearly wiped out, oyster beds are being restored and replenished in
waters all around Long Island by a new wave of aquaculture.

"
Future Smartphone Could Fall Smartly Too (Scientific American),http://news.feedzilla.com/en_us/stories/science/411422356?client_source=api&format=json,"Apple got a patent for a system to adjust your falling device in flight to
minimize the damage upon landing. Larry Greenemeier reports.


-- Read more on ScientificAmerican.com

"
Google Sues Mississippi Attorney General For Conspiring With Movie Industry,Google Sues Mississippi Attorney General For Conspiring With Movie Industry,"ideonexus writes: Mississippi Attorney General Jim Hood has called for a ""time out"" in his perpetual fight with Google in response to the company filing a lawsuit against him for conspiring with the movie industry to persecute the search giant. Leaked Sony Pictures Entertainment emails and documents obtained under FOIA requests this week have exposed how the Motion Picture Association of America was colluding with and lobbying state prosecutors to go after Google, even going so far as to ""assigned a team of lawyers to prepare draft subpoenas and legal briefs for the attorneys general"" to make it easier for them to persecute the company. Here's the full complaint (PDF).<p><div class=""share_submission"" style=""position:relative;""> <a class=""slashpop"" href=""http://twitter.com/home?status=Google+Sues+Mississippi+Attorney+General+For+Conspiring+With+Movie+Industry%3A+http%3A%2F%2Fbit.ly%2F1wXvabm""><img src=""http://a.fsdn.com/sd/twitter_icon_large.png""></a> <a class=""slashpop"" href=""http://www.facebook.com/sharer.php?u=http%3A%2F%2Ftech.slashdot.org%2Fstory%2F14%2F12%2F20%2F1910229%2Fgoogle-sues-mississippi-attorney-general-for-conspiring-with-movie-industry%3Futm_source%3Dslashdot%26utm_medium%3Dfacebook""><img src=""http://a.fsdn.com/sd/facebook_icon_large.png""></a> <a class=""nobg"" href=""http://plus.google.com/share?url=http://tech.slashdot.org/story/14/12/20/1910229/google-sues-mississippi-attorney-general-for-conspiring-with-movie-industry?utm_source=slashdot&amp;utm_medium=googleplus"" onclick=""javascript:window.open(this.href,'', 'menubar=no,toolbar=no,resizable=yes,scrollbars=yes,height=600,width=600');return false;""><img src=""http://www.gstatic.com/images/icons/gplus-16.png"" alt=""Share on Google+""/></a> </div></p><p><a href=""http://tech.slashdot.org/story/14/12/20/1910229/google-sues-mississippi-attorney-general-for-conspiring-with-movie-industry?utm_source=rss1.0moreanon&amp;utm_medium=feed"">Read more of this story</a> at Slashdot.</p><iframe src=""http://slashdot.org/slashdot-it.pl?op=discuss&amp;id=6465287&amp;smallembed=1"" style=""height: 300px; width: 100%; border: none;""></iframe><img width='1' height='1' src='http://slashdot.feedsportal.com/c/35028/f/647410/s/41a56552/sc/21/mf.gif' border='0'/><br clear='all'/><br/><br/><a href=""http://da.feedsportal.com/r/216443120601/u/49/f/647410/c/35028/s/41a56552/sc/21/rc/1/rc.htm"" rel=""nofollow""><img src=""http://da.feedsportal.com/r/216443120601/u/49/f/647410/c/35028/s/41a56552/sc/21/rc/1/rc.img"" border=""0""/></a><br/><a href=""http://da.feedsportal.com/r/216443120601/u/49/f/647410/c/35028/s/41a56552/sc/21/rc/2/rc.htm"" rel=""nofollow""><img src=""http://da.feedsportal.com/r/216443120601/u/49/f/647410/c/35028/s/41a56552/sc/21/rc/2/rc.img"" border=""0""/></a><br/><a href=""http://da.feedsportal.com/r/216443120601/u/49/f/647410/c/35028/s/41a56552/sc/21/rc/3/rc.htm"" rel=""nofollow""><img src=""http://da.feedsportal.com/r/216443120601/u/49/f/647410/c/35028/s/41a56552/sc/21/rc/3/rc.img"" border=""0""/></a><br/><br/><a href=""http://da.feedsportal.com/r/216443120601/u/49/f/647410/c/35028/s/41a56552/sc/21/a2.htm""><img src=""http://da.feedsportal.com/r/216443120601/u/49/f/647410/c/35028/s/41a56552/sc/21/a2.img"" border=""0""/></a><img width=""1"" height=""1"" src=""http://pi.feedsportal.com/r/216443120601/u/49/f/647410/c/35028/s/41a56552/sc/21/a2t.img"" border=""0""/><img src=""//feeds.feedburner.com/~r/Slashdot/slashdot/~4/1g2VRdY0DNQ"" height=""1"" width=""1"" alt=""""/>"
"Hackers Used Nasty ""SMB Worm"" Attack Toolkit Against Sony","Hackers Used Nasty ""SMB Worm"" Attack Toolkit Against Sony","wiredmikey writes Just hours after the FBI and President Obama called out North Korea as being responsible for the destructive cyber attack against Sony Pictures, US-CERT issued an alert describing the primary malware used by the attackers, along with indicators of compromise. While not mentioning Sony by name in its advisory, instead referring to the victim as a ""major entertainment company,"" US-CERT said that the attackers used a Server Message Block (SMB) Worm Tool to conduct the attacks. According to the advisory, the SMB Worm Tool is equipped with five components, including a Listening Implant, Lightweight Backdoor, Proxy Tool, Destructive Hard Drive Tool, and Destructive Target Cleaning Tool. US-CERT also provided a list of the Indicators of Compromise (IOCs), which include C2 IP addresses, Snort signatures for the various components, host based Indicators, potential YARA signatures to detect malware binaries on host machines, and recommended security practices and tactical mitigations.<p><div class=""share_submission"" style=""position:relative;""> <a class=""slashpop"" href=""http://twitter.com/home?status=Hackers+Used+Nasty+%22SMB+Worm%22+Attack+Toolkit+Against+Sony%3A+http%3A%2F%2Fbit.ly%2F1wwjwpb""><img src=""http://a.fsdn.com/sd/twitter_icon_large.png""></a> <a class=""slashpop"" href=""http://www.facebook.com/sharer.php?u=http%3A%2F%2Fit.slashdot.org%2Fstory%2F14%2F12%2F20%2F0238201%2Fhackers-used-nasty-smb-worm-attack-toolkit-against-sony%3Futm_source%3Dslashdot%26utm_medium%3Dfacebook""><img src=""http://a.fsdn.com/sd/facebook_icon_large.png""></a> <a class=""nobg"" href=""http://plus.google.com/share?url=http://it.slashdot.org/story/14/12/20/0238201/hackers-used-nasty-smb-worm-attack-toolkit-against-sony?utm_source=slashdot&amp;utm_medium=googleplus"" onclick=""javascript:window.open(this.href,'', 'menubar=no,toolbar=no,resizable=yes,scrollbars=yes,height=600,width=600');return false;""><img src=""http://www.gstatic.com/images/icons/gplus-16.png"" alt=""Share on Google+""/></a> </div></p><p><a href=""http://it.slashdot.org/story/14/12/20/0238201/hackers-used-nasty-smb-worm-attack-toolkit-against-sony?utm_source=rss1.0moreanon&amp;utm_medium=feed"">Read more of this story</a> at Slashdot.</p><iframe src=""http://slashdot.org/slashdot-it.pl?op=discuss&amp;id=6455343&amp;smallembed=1"" style=""height: 300px; width: 100%; border: none;""></iframe><img width='1' height='1' src='http://slashdot.feedsportal.com/c/35028/f/647410/s/41a1932b/sc/1/mf.gif' border='0'/><br clear='all'/><br/><br/><a href=""http://da.feedsportal.com/r/216443061262/u/49/f/647410/c/35028/s/41a1932b/sc/1/rc/1/rc.htm"" rel=""nofollow""><img src=""http://da.feedsportal.com/r/216443061262/u/49/f/647410/c/35028/s/41a1932b/sc/1/rc/1/rc.img"" border=""0""/></a><br/><a href=""http://da.feedsportal.com/r/216443061262/u/49/f/647410/c/35028/s/41a1932b/sc/1/rc/2/rc.htm"" rel=""nofollow""><img src=""http://da.feedsportal.com/r/216443061262/u/49/f/647410/c/35028/s/41a1932b/sc/1/rc/2/rc.img"" border=""0""/></a><br/><a href=""http://da.feedsportal.com/r/216443061262/u/49/f/647410/c/35028/s/41a1932b/sc/1/rc/3/rc.htm"" rel=""nofollow""><img src=""http://da.feedsportal.com/r/216443061262/u/49/f/647410/c/35028/s/41a1932b/sc/1/rc/3/rc.img"" border=""0""/></a><br/><br/><a href=""http://da.feedsportal.com/r/216443061262/u/49/f/647410/c/35028/s/41a1932b/sc/1/a2.htm""><img src=""http://da.feedsportal.com/r/216443061262/u/49/f/647410/c/35028/s/41a1932b/sc/1/a2.img"" border=""0""/></a><img width=""1"" height=""1"" src=""http://pi.feedsportal.com/r/216443061262/u/49/f/647410/c/35028/s/41a1932b/sc/1/a2t.img"" border=""0""/><img src=""//feeds.feedburner.com/~r/Slashdot/slashdot/~4/bE5OdCgAk8w"" height=""1"" width=""1"" alt=""""/>"
How a 3D Printer Let a Dog Run For the First Time,How a 3D Printer Let a Dog Run For the First Time,"Nerval's Lobster writes Ever since 3-D printing began to enter the mainstream, people have discussed the technology's potential for building prosthetic arms and legs for human beings. But what about doing the same for dogs? In one of those videos that ends up circulated endlessly on the Internet, a dog named Derby, born with a congenital deformity that deprived him of front paws, is outfitted with a pair of 3-D-printed prosthetics. With those ""legs"" in place, the dog can run for the first time, at a pretty good clip. Both the prosthetics and the video were produced by 3D Systems, which builds 3-D printers, and it seems likely that other 3-D-printing companies will explore the possibility of printing off parts for pets. And while the idea of a cyborg pooch is heartwarming, it will be interesting to see how 3D printers will continue to advance the realm of human prosthetics, which have become increasingly sophisticated over the past decade.<p><div class=""share_submission"" style=""position:relative;""> <a class=""slashpop"" href=""http://twitter.com/home?status=How+a+3D+Printer+Let+a+Dog+Run+For+the+First+Time%3A+http%3A%2F%2Fbit.ly%2F1AQ8daD""><img src=""http://a.fsdn.com/sd/twitter_icon_large.png""></a> <a class=""slashpop"" href=""http://www.facebook.com/sharer.php?u=http%3A%2F%2Fscience.slashdot.org%2Fstory%2F14%2F12%2F20%2F0433224%2Fhow-a-3d-printer-let-a-dog-run-for-the-first-time%3Futm_source%3Dslashdot%26utm_medium%3Dfacebook""><img src=""http://a.fsdn.com/sd/facebook_icon_large.png""></a> <a class=""nobg"" href=""http://plus.google.com/share?url=http://science.slashdot.org/story/14/12/20/0433224/how-a-3d-printer-let-a-dog-run-for-the-first-time?utm_source=slashdot&amp;utm_medium=googleplus"" onclick=""javascript:window.open(this.href,'', 'menubar=no,toolbar=no,resizable=yes,scrollbars=yes,height=600,width=600');return false;""><img src=""http://www.gstatic.com/images/icons/gplus-16.png"" alt=""Share on Google+""/></a> </div></p><p><a href=""http://science.slashdot.org/story/14/12/20/0433224/how-a-3d-printer-let-a-dog-run-for-the-first-time?utm_source=rss1.0moreanon&amp;utm_medium=feed"">Read more of this story</a> at Slashdot.</p><iframe src=""http://slashdot.org/slashdot-it.pl?op=discuss&amp;id=6456589&amp;smallembed=1"" style=""height: 300px; width: 100%; border: none;""></iframe><img width='1' height='1' src='http://slashdot.feedsportal.com/c/35028/f/647410/s/41a1e355/sc/4/mf.gif' border='0'/><br clear='all'/><br/><br/><a href=""http://da.feedsportal.com/r/216443105945/u/49/f/647410/c/35028/s/41a1e355/sc/4/rc/1/rc.htm"" rel=""nofollow""><img src=""http://da.feedsportal.com/r/216443105945/u/49/f/647410/c/35028/s/41a1e355/sc/4/rc/1/rc.img"" border=""0""/></a><br/><a href=""http://da.feedsportal.com/r/216443105945/u/49/f/647410/c/35028/s/41a1e355/sc/4/rc/2/rc.htm"" rel=""nofollow""><img src=""http://da.feedsportal.com/r/216443105945/u/49/f/647410/c/35028/s/41a1e355/sc/4/rc/2/rc.img"" border=""0""/></a><br/><a href=""http://da.feedsportal.com/r/216443105945/u/49/f/647410/c/35028/s/41a1e355/sc/4/rc/3/rc.htm"" rel=""nofollow""><img src=""http://da.feedsportal.com/r/216443105945/u/49/f/647410/c/35028/s/41a1e355/sc/4/rc/3/rc.img"" border=""0""/></a><br/><br/><a href=""http://da.feedsportal.com/r/216443105945/u/49/f/647410/c/35028/s/41a1e355/sc/4/a2.htm""><img src=""http://da.feedsportal.com/r/216443105945/u/49/f/647410/c/35028/s/41a1e355/sc/4/a2.img"" border=""0""/></a><img width=""1"" height=""1"" src=""http://pi.feedsportal.com/r/216443105945/u/49/f/647410/c/35028/s/41a1e355/sc/4/a2t.img"" border=""0""/><img src=""//feeds.feedburner.com/~r/Slashdot/slashdot/~4/_dbBg-kb-QQ"" height=""1"" width=""1"" alt=""""/>"
Inclusion Illusion Lessens Racial Bias (Scientific American),http://news.feedzilla.com/en_us/stories/science/411436590?client_source=api&format=json,"Implicit bias against another race lessened after volunteers experienced
themselves via virtual reality as a member of that race. Karen Hopkin reports.


-- Read more on ScientificAmerican.com

"
"Kepler ‘K2′ Finds First Exoplanet, A ‘Super-Earth’, While Surfing Sun’s Pressure Wave For Control (Universe Today)",http://news.feedzilla.com/en_us/stories/science/411364909?client_source=api&format=json,"It's alive! NASA's Kepler space telescope had to stop planet-hunting during
Earth's northern-hemisphere summer 2013 when a second of its four pointing
devices (reaction wheels) failed. But using a new technique that takes
advantage of the solar wind, Kepler has found its first exoplanet since the K2
mission was publicly proposed in November 2013. And […]

"
Massive Volcanic Eruptions Accompanied Dinosaur Extinction,Massive Volcanic Eruptions Accompanied Dinosaur Extinction,"schwit1 writes: A careful updating of the geological timeline has shown that massive volcanic eruptions aligned with the extinction event that wiped out the non-avian dinosaurs 66 million years ago (abstract). ""A primeval volcanic range in western India known as the Deccan Traps, which were once three times larger than France, began its main phase of eruptions roughly 250,000 years before the Cretaceous-Paleogene, or K-Pg, extinction event, the researchers report in the journal Science. For the next 750,000 years, the volcanoes unleashed more than 1.1 million cubic kilometers (264,000 cubic miles) of lava. The main phase of eruptions comprised about 80-90 percent of the total volume of the Deccan Traps' lava flow and followed a substantially weaker first phase that began about 1 million years earlier. The results support the idea that the Deccan Traps played a role in the K-Pg extinction, and challenge the dominant theory that a meteorite impact near present-day Chicxulub, Mexico, was the sole cause of the extinction. The researchers suggest that the Deccan Traps eruptions and the Chicxulub impact need to be considered together when studying and modeling the K-Pg extinction event.""<p><div class=""share_submission"" style=""position:relative;""> <a class=""slashpop"" href=""http://twitter.com/home?status=Massive+Volcanic+Eruptions+Accompanied+Dinosaur+Extinction%3A+http%3A%2F%2Fbit.ly%2F1wyJpVz""><img src=""http://a.fsdn.com/sd/twitter_icon_large.png""></a> <a class=""slashpop"" href=""http://www.facebook.com/sharer.php?u=http%3A%2F%2Fscience.slashdot.org%2Fstory%2F14%2F12%2F20%2F1439240%2Fmassive-volcanic-eruptions-accompanied-dinosaur-extinction%3Futm_source%3Dslashdot%26utm_medium%3Dfacebook""><img src=""http://a.fsdn.com/sd/facebook_icon_large.png""></a> <a class=""nobg"" href=""http://plus.google.com/share?url=http://science.slashdot.org/story/14/12/20/1439240/massive-volcanic-eruptions-accompanied-dinosaur-extinction?utm_source=slashdot&amp;utm_medium=googleplus"" onclick=""javascript:window.open(this.href,'', 'menubar=no,toolbar=no,resizable=yes,scrollbars=yes,height=600,width=600');return false;""><img src=""http://www.gstatic.com/images/icons/gplus-16.png"" alt=""Share on Google+""/></a> </div></p><p><a href=""http://science.slashdot.org/story/14/12/20/1439240/massive-volcanic-eruptions-accompanied-dinosaur-extinction?utm_source=rss1.0moreanon&amp;utm_medium=feed"">Read more of this story</a> at Slashdot.</p><iframe src=""http://slashdot.org/slashdot-it.pl?op=discuss&amp;id=6463563&amp;smallembed=1"" style=""height: 300px; width: 100%; border: none;""></iframe><img width='1' height='1' src='http://slashdot.feedsportal.com/c/35028/f/647410/s/41a3f7d5/sc/32/mf.gif' border='0'/><br clear='all'/><br/><br/><a href=""http://da.feedsportal.com/r/216443072550/u/49/f/647410/c/35028/s/41a3f7d5/sc/32/rc/1/rc.htm"" rel=""nofollow""><img src=""http://da.feedsportal.com/r/216443072550/u/49/f/647410/c/35028/s/41a3f7d5/sc/32/rc/1/rc.img"" border=""0""/></a><br/><a href=""http://da.feedsportal.com/r/216443072550/u/49/f/647410/c/35028/s/41a3f7d5/sc/32/rc/2/rc.htm"" rel=""nofollow""><img src=""http://da.feedsportal.com/r/216443072550/u/49/f/647410/c/35028/s/41a3f7d5/sc/32/rc/2/rc.img"" border=""0""/></a><br/><a href=""http://da.feedsportal.com/r/216443072550/u/49/f/647410/c/35028/s/41a3f7d5/sc/32/rc/3/rc.htm"" rel=""nofollow""><img src=""http://da.feedsportal.com/r/216443072550/u/49/f/647410/c/35028/s/41a3f7d5/sc/32/rc/3/rc.img"" border=""0""/></a><br/><br/><a href=""http://da.feedsportal.com/r/216443072550/u/49/f/647410/c/35028/s/41a3f7d5/sc/32/a2.htm""><img src=""http://da.feedsportal.com/r/216443072550/u/49/f/647410/c/35028/s/41a3f7d5/sc/32/a2.img"" border=""0""/></a><img width=""1"" height=""1"" src=""http://pi.feedsportal.com/r/216443072550/u/49/f/647410/c/35028/s/41a3f7d5/sc/32/a2t.img"" border=""0""/><img src=""//feeds.feedburner.com/~r/Slashdot/slashdot/~4/ziC-2R6nmsc"" height=""1"" width=""1"" alt=""""/>"
NASA 'Emails' a Socket Wrench To the ISS,NASA 'Emails' a Socket Wrench To the ISS,"HughPickens.com writes: ""Sarah LeTrent reports at CNN that NASA just emailed the design of a socket wrench to astronauts so that they could print it out in the orbit. The ratcheting socket wrench was the first ""uplink tool"" printed in space, according to Grant Lowery, marketing and communications manager for Made In Space, which built the printer in partnership with NASA. The tool was designed on the ground, emailed to the space station and then manufactured where it took four hours to print out the finished product. The space agency hopes to one day use the technology to make parts for broken equipment in space and long-term missions would benefit greatly from onboard manufacturing capabilities. ""I remember when the tip broke off a tool during a mission,"" recalls NASA astronaut TJ Creamer, who flew aboard the space station during Expedition 22/23 from December 2009 to June 2010. ""I had to wait for the next shuttle to come up to bring me a new one. Now, rather than wait for a resupply ship to bring me a new tool, in the future, I could just print it.""<p><div class=""share_submission"" style=""position:relative;""> <a class=""slashpop"" href=""http://twitter.com/home?status=NASA+'Emails'+a+Socket+Wrench+To+the+ISS%3A+http%3A%2F%2Fbit.ly%2F1z83VJE""><img src=""http://a.fsdn.com/sd/twitter_icon_large.png""></a> <a class=""slashpop"" href=""http://www.facebook.com/sharer.php?u=http%3A%2F%2Fbuild.slashdot.org%2Fstory%2F14%2F12%2F20%2F2337228%2Fnasa-emails-a-socket-wrench-to-the-iss%3Futm_source%3Dslashdot%26utm_medium%3Dfacebook""><img src=""http://a.fsdn.com/sd/facebook_icon_large.png""></a> <a class=""nobg"" href=""http://plus.google.com/share?url=http://build.slashdot.org/story/14/12/20/2337228/nasa-emails-a-socket-wrench-to-the-iss?utm_source=slashdot&amp;utm_medium=googleplus"" onclick=""javascript:window.open(this.href,'', 'menubar=no,toolbar=no,resizable=yes,scrollbars=yes,height=600,width=600');return false;""><img src=""http://www.gstatic.com/images/icons/gplus-16.png"" alt=""Share on Google+""/></a> </div></p><p><a href=""http://build.slashdot.org/story/14/12/20/2337228/nasa-emails-a-socket-wrench-to-the-iss?utm_source=rss1.0moreanon&amp;utm_medium=feed"">Read more of this story</a> at Slashdot.</p><iframe src=""http://slashdot.org/slashdot-it.pl?op=discuss&amp;id=6465613&amp;smallembed=1"" style=""height: 300px; width: 100%; border: none;""></iframe><img width='1' height='1' src='http://slashdot.feedsportal.com/c/35028/f/647410/s/41a6b1b6/sc/32/mf.gif' border='0'/><br clear='all'/><br/><br/><a href=""http://da.feedsportal.com/r/216443084268/u/49/f/647410/c/35028/s/41a6b1b6/sc/32/rc/1/rc.htm"" rel=""nofollow""><img src=""http://da.feedsportal.com/r/216443084268/u/49/f/647410/c/35028/s/41a6b1b6/sc/32/rc/1/rc.img"" border=""0""/></a><br/><a href=""http://da.feedsportal.com/r/216443084268/u/49/f/647410/c/35028/s/41a6b1b6/sc/32/rc/2/rc.htm"" rel=""nofollow""><img src=""http://da.feedsportal.com/r/216443084268/u/49/f/647410/c/35028/s/41a6b1b6/sc/32/rc/2/rc.img"" border=""0""/></a><br/><a href=""http://da.feedsportal.com/r/216443084268/u/49/f/647410/c/35028/s/41a6b1b6/sc/32/rc/3/rc.htm"" rel=""nofollow""><img src=""http://da.feedsportal.com/r/216443084268/u/49/f/647410/c/35028/s/41a6b1b6/sc/32/rc/3/rc.img"" border=""0""/></a><br/><br/><a href=""http://da.feedsportal.com/r/216443084268/u/49/f/647410/c/35028/s/41a6b1b6/sc/32/a2.htm""><img src=""http://da.feedsportal.com/r/216443084268/u/49/f/647410/c/35028/s/41a6b1b6/sc/32/a2.img"" border=""0""/></a><img width=""1"" height=""1"" src=""http://pi.feedsportal.com/r/216443084268/u/49/f/647410/c/35028/s/41a6b1b6/sc/32/a2t.img"" border=""0""/><img src=""//feeds.feedburner.com/~r/Slashdot/slashdot/~4/pSeKIW_46SQ"" height=""1"" width=""1"" alt=""""/>"
New Record Set For Deepest Dwelling Fish,New Record Set For Deepest Dwelling Fish,"mpicpp tips news that oceanographers have discovered a creature that sets the record for the most deeply dwelling fish on Earth. It was found in the Mariana Trench, some 8,145 meters below the surface. The 30-day voyage took place from the Schmidt Ocean Institute's research vessel, Falkor, and is the most comprehensive survey of world's deepest place ever undertaken. The Hadal Ecosystem Studies (Hades) team deployed unmanned landers more than 90 times to depths that ranged between 5,000m and 10,600m. They studied both steep walls of the undersea canyon. ... Dr. Jamieson said: ""We think it is a snailfish, but it's so weird-looking; it's up in the air in terms of what it is. ""It is unbelievably fragile, and when it swims, it looks like it has wet tissue paper floating behind it. And it has a weird snout &mdash; it looks like a cartoon dog snout.""<p><div class=""share_submission"" style=""position:relative;""> <a class=""slashpop"" href=""http://twitter.com/home?status=New+Record+Set+For+Deepest+Dwelling+Fish%3A+http%3A%2F%2Fbit.ly%2F1AGq6c4""><img src=""http://a.fsdn.com/sd/twitter_icon_large.png""></a> <a class=""slashpop"" href=""http://www.facebook.com/sharer.php?u=http%3A%2F%2Fscience.slashdot.org%2Fstory%2F14%2F12%2F20%2F191252%2Fnew-record-set-for-deepest-dwelling-fish%3Futm_source%3Dslashdot%26utm_medium%3Dfacebook""><img src=""http://a.fsdn.com/sd/facebook_icon_large.png""></a> <a class=""nobg"" href=""http://plus.google.com/share?url=http://science.slashdot.org/story/14/12/20/191252/new-record-set-for-deepest-dwelling-fish?utm_source=slashdot&amp;utm_medium=googleplus"" onclick=""javascript:window.open(this.href,'', 'menubar=no,toolbar=no,resizable=yes,scrollbars=yes,height=600,width=600');return false;""><img src=""http://www.gstatic.com/images/icons/gplus-16.png"" alt=""Share on Google+""/></a> </div></p><p><a href=""http://science.slashdot.org/story/14/12/20/191252/new-record-set-for-deepest-dwelling-fish?utm_source=rss1.0moreanon&amp;utm_medium=feed"">Read more of this story</a> at Slashdot.</p><iframe src=""http://slashdot.org/slashdot-it.pl?op=discuss&amp;id=6465275&amp;smallembed=1"" style=""height: 300px; width: 100%; border: none;""></iframe><img width='1' height='1' src='http://slashdot.feedsportal.com/c/35028/f/647410/s/41a50e8e/sc/32/mf.gif' border='0'/><br clear='all'/><br/><br/><a href=""http://da.feedsportal.com/r/216443070715/u/49/f/647410/c/35028/s/41a50e8e/sc/32/rc/1/rc.htm"" rel=""nofollow""><img src=""http://da.feedsportal.com/r/216443070715/u/49/f/647410/c/35028/s/41a50e8e/sc/32/rc/1/rc.img"" border=""0""/></a><br/><a href=""http://da.feedsportal.com/r/216443070715/u/49/f/647410/c/35028/s/41a50e8e/sc/32/rc/2/rc.htm"" rel=""nofollow""><img src=""http://da.feedsportal.com/r/216443070715/u/49/f/647410/c/35028/s/41a50e8e/sc/32/rc/2/rc.img"" border=""0""/></a><br/><a href=""http://da.feedsportal.com/r/216443070715/u/49/f/647410/c/35028/s/41a50e8e/sc/32/rc/3/rc.htm"" rel=""nofollow""><img src=""http://da.feedsportal.com/r/216443070715/u/49/f/647410/c/35028/s/41a50e8e/sc/32/rc/3/rc.img"" border=""0""/></a><br/><br/><a href=""http://da.feedsportal.com/r/216443070715/u/49/f/647410/c/35028/s/41a50e8e/sc/32/a2.htm""><img src=""http://da.feedsportal.com/r/216443070715/u/49/f/647410/c/35028/s/41a50e8e/sc/32/a2.img"" border=""0""/></a><img width=""1"" height=""1"" src=""http://pi.feedsportal.com/r/216443070715/u/49/f/647410/c/35028/s/41a50e8e/sc/32/a2t.img"" border=""0""/><img src=""//feeds.feedburner.com/~r/Slashdot/slashdot/~4/_yr1FAcUJ3k"" height=""1"" width=""1"" alt=""""/>"
"New, tighter timeline confirms ancient volcanism aligned with dinosaurs' extinction (Eurekalert)",http://news.feedzilla.com/en_us/stories/science/411370268?client_source=api&format=json,"A definitive geological timeline from Princeton University researchers shows
that a series of massive volcanic explosions 66 million years ago played a
role in the extinction event that claimed Earth's non-avian dinosaurs, and
challenges the dominant theory that a meteorite impact was the sole cause of
the extinction.

"
"North Korea Denies Responsibility for Sony Attack, Warns Against Retaliation","North Korea Denies Responsibility for Sony Attack, Warns Against Retaliation","jones_supa writes: A North Korean official said that the secretive regime wants to mount a joint investigation with the United States to identify who was behind the cyber attack against Sony Pictures. An unnamed spokesman of the North Korean foreign ministry was quoted by the country's state news agency, KCNA, describing U.S. claims they were behind the hack as ""slander."" ""As the United States is spreading groundless allegations and slandering us, we propose a joint investigation with it into this incident,"" the official said, according to Agence France-Presse. Both the FBI and President Barack Obama have said evidence was uncovered linking the hack to to North Korea, but some experts have questioned the evidence tying the attack to Pyongyang. Meanwhile, reader hessian notes that 2600: The Hacker Quarterly has offered to let the hacker community distribute The Interview for Sony. It's an offer Sony may actually find useful, since the company is now considering releasing the movie on a ""different platform."" Reader Nicola Hahn warns that we shouldn't be too quick to accept North Korea as the bad guy in this situation: Most of the media has accepted North Korea's culpability with little visible skepticism. There is one exception: Kim Zetter at Wired has decried the evidence as flimsy and vocally warns about the danger of jumping to conclusions. Surely we all remember high-ranking, ostensibly credible, officials warning about the smoking gun that comes in the form of a mushroom cloud? This underscores the ability of the agenda-setting elements of the press to frame issues and control the acceptable limits of debate. Some would even say that what's happening reveals tools of modern social control (PDF). Whether or not they're responsible for the attack, North Korea has now warned of ""serious consequences"" if the U.S. takes action against them for it.<p><div class=""share_submission"" style=""position:relative;""> <a class=""slashpop"" href=""http://twitter.com/home?status=North+Korea+Denies+Responsibility+for+Sony+Attack%2C+Warns+Against+Retaliation%3A+http%3A%2F%2Fbit.ly%2F1zhoatd""><img src=""http://a.fsdn.com/sd/twitter_icon_large.png""></a> <a class=""slashpop"" href=""http://www.facebook.com/sharer.php?u=http%3A%2F%2Fit.slashdot.org%2Fstory%2F14%2F12%2F20%2F1830227%2Fnorth-korea-denies-responsibility-for-sony-attack-warns-against-retaliation%3Futm_source%3Dslashdot%26utm_medium%3Dfacebook""><img src=""http://a.fsdn.com/sd/facebook_icon_large.png""></a> <a class=""nobg"" href=""http://plus.google.com/share?url=http://it.slashdot.org/story/14/12/20/1830227/north-korea-denies-responsibility-for-sony-attack-warns-against-retaliation?utm_source=slashdot&amp;utm_medium=googleplus"" onclick=""javascript:window.open(this.href,'', 'menubar=no,toolbar=no,resizable=yes,scrollbars=yes,height=600,width=600');return false;""><img src=""http://www.gstatic.com/images/icons/gplus-16.png"" alt=""Share on Google+""/></a> </div></p><p><a href=""http://it.slashdot.org/story/14/12/20/1830227/north-korea-denies-responsibility-for-sony-attack-warns-against-retaliation?utm_source=rss1.0moreanon&amp;utm_medium=feed"">Read more of this story</a> at Slashdot.</p><iframe src=""http://slashdot.org/slashdot-it.pl?op=discuss&amp;id=6465179&amp;smallembed=1"" style=""height: 300px; width: 100%; border: none;""></iframe><img width='1' height='1' src='http://slashdot.feedsportal.com/c/35028/f/647410/s/41a51735/sc/30/mf.gif' border='0'/><br clear='all'/><br/><br/><a href=""http://da.feedsportal.com/r/216443076631/u/49/f/647410/c/35028/s/41a51735/sc/30/rc/1/rc.htm"" rel=""nofollow""><img src=""http://da.feedsportal.com/r/216443076631/u/49/f/647410/c/35028/s/41a51735/sc/30/rc/1/rc.img"" border=""0""/></a><br/><a href=""http://da.feedsportal.com/r/216443076631/u/49/f/647410/c/35028/s/41a51735/sc/30/rc/2/rc.htm"" rel=""nofollow""><img src=""http://da.feedsportal.com/r/216443076631/u/49/f/647410/c/35028/s/41a51735/sc/30/rc/2/rc.img"" border=""0""/></a><br/><a href=""http://da.feedsportal.com/r/216443076631/u/49/f/647410/c/35028/s/41a51735/sc/30/rc/3/rc.htm"" rel=""nofollow""><img src=""http://da.feedsportal.com/r/216443076631/u/49/f/647410/c/35028/s/41a51735/sc/30/rc/3/rc.img"" border=""0""/></a><br/><br/><a href=""http://da.feedsportal.com/r/216443076631/u/49/f/647410/c/35028/s/41a51735/sc/30/a2.htm""><img src=""http://da.feedsportal.com/r/216443076631/u/49/f/647410/c/35028/s/41a51735/sc/30/a2.img"" border=""0""/></a><img width=""1"" height=""1"" src=""http://pi.feedsportal.com/r/216443076631/u/49/f/647410/c/35028/s/41a51735/sc/30/a2t.img"" border=""0""/><img src=""//feeds.feedburner.com/~r/Slashdot/slashdot/~4/LttGzyUInLk"" height=""1"" width=""1"" alt=""""/>"
RIKEN Teams Gives Up on STAP Cells (bioethicscom),http://news.feedzilla.com/en_us/stories/science/411404159?client_source=api&format=json,"(Science) - A Japanese team announced Friday in Tokyo that it has been unable
to reproduce a new, astoundingly simple way of generating pluripotent stem
cells, despite working directly with the lead author on the Nature papers
reporting the breakthrough … Read More

"
Seattle Police Held Hackathon To Redact Footage From Body Cameras,Seattle Police Held Hackathon To Redact Footage From Body Cameras,"An anonymous reader writes: Hackathons are common these days, but you don't often hear about events hosted by law enforcement. That's what the Seattle Police Department did on Friday, with the solitary goal of finding a good way to redact the video streams taken by police body cameras and dash cameras. Seven different teams demonstrated solutions, but in the end, none thought automation could realistically handle the task in the near future. ""The Washington State public records act requires that almost all video filmed by any government agency &ndash; including police &ndash; be disclosed upon request. The only real exception is for video which is part of an open case currently under investigation. However, various parts of the state code include other restrictions &ndash; the identity of minors cannot be disclosed. Requests from victims or witnesses who may be at risk if their identities are disclosed also must be honored. However in all such cases the video still must be released &ndash; it is just the faces or other potential identifying characteristics, which might include gender or even a person's gait &ndash; which need to be blurred and redacted."" The city just started a pilot program for body-worn police cameras.<p><div class=""share_submission"" style=""position:relative;""> <a class=""slashpop"" href=""http://twitter.com/home?status=Seattle+Police+Held+Hackathon+To+Redact+Footage+From+Body+Cameras%3A+http%3A%2F%2Fbit.ly%2F1ClMDMy""><img src=""http://a.fsdn.com/sd/twitter_icon_large.png""></a> <a class=""slashpop"" href=""http://www.facebook.com/sharer.php?u=http%3A%2F%2Fnews.slashdot.org%2Fstory%2F14%2F12%2F20%2F2335246%2Fseattle-police-held-hackathon-to-redact-footage-from-body-cameras%3Futm_source%3Dslashdot%26utm_medium%3Dfacebook""><img src=""http://a.fsdn.com/sd/facebook_icon_large.png""></a> <a class=""nobg"" href=""http://plus.google.com/share?url=http://news.slashdot.org/story/14/12/20/2335246/seattle-police-held-hackathon-to-redact-footage-from-body-cameras?utm_source=slashdot&amp;utm_medium=googleplus"" onclick=""javascript:window.open(this.href,'', 'menubar=no,toolbar=no,resizable=yes,scrollbars=yes,height=600,width=600');return false;""><img src=""http://www.gstatic.com/images/icons/gplus-16.png"" alt=""Share on Google+""/></a> </div></p><p><a href=""http://news.slashdot.org/story/14/12/20/2335246/seattle-police-held-hackathon-to-redact-footage-from-body-cameras?utm_source=rss1.0moreanon&amp;utm_medium=feed"">Read more of this story</a> at Slashdot.</p><iframe src=""http://slashdot.org/slashdot-it.pl?op=discuss&amp;id=6465607&amp;smallembed=1"" style=""height: 300px; width: 100%; border: none;""></iframe><img width='1' height='1' src='http://slashdot.feedsportal.com/c/35028/f/647410/s/41a60e01/sc/8/mf.gif' border='0'/><br clear='all'/><br/><br/><a href=""http://da.feedsportal.com/r/216443124720/u/49/f/647410/c/35028/s/41a60e01/sc/8/rc/1/rc.htm"" rel=""nofollow""><img src=""http://da.feedsportal.com/r/216443124720/u/49/f/647410/c/35028/s/41a60e01/sc/8/rc/1/rc.img"" border=""0""/></a><br/><a href=""http://da.feedsportal.com/r/216443124720/u/49/f/647410/c/35028/s/41a60e01/sc/8/rc/2/rc.htm"" rel=""nofollow""><img src=""http://da.feedsportal.com/r/216443124720/u/49/f/647410/c/35028/s/41a60e01/sc/8/rc/2/rc.img"" border=""0""/></a><br/><a href=""http://da.feedsportal.com/r/216443124720/u/49/f/647410/c/35028/s/41a60e01/sc/8/rc/3/rc.htm"" rel=""nofollow""><img src=""http://da.feedsportal.com/r/216443124720/u/49/f/647410/c/35028/s/41a60e01/sc/8/rc/3/rc.img"" border=""0""/></a><br/><br/><a href=""http://da.feedsportal.com/r/216443124720/u/49/f/647410/c/35028/s/41a60e01/sc/8/a2.htm""><img src=""http://da.feedsportal.com/r/216443124720/u/49/f/647410/c/35028/s/41a60e01/sc/8/a2.img"" border=""0""/></a><img width=""1"" height=""1"" src=""http://pi.feedsportal.com/r/216443124720/u/49/f/647410/c/35028/s/41a60e01/sc/8/a2t.img"" border=""0""/><img src=""//feeds.feedburner.com/~r/Slashdot/slashdot/~4/EW__pvEck1I"" height=""1"" width=""1"" alt=""""/>"
Staples: Breach May Have Affected 1.16 Million Customers' Cards,Staples: Breach May Have Affected 1.16 Million Customers' Cards,"mpicpp writes with this excerpt from Fortune: Staples said Friday afternoon that nearly 1.16 million customer payment cards may have been affected in a data breach under investigation since October. The office-supply retailer said two months ago that it was working with law enforcement officials to look into a possible hacking of its customers' credit card data. Staples said in October that it had learned of a potential data theft at several of its U.S. stores after multiple banks noticed a pattern of payment card fraud suggesting the company computer systems had been breached. Now, Staples believes that point-of-sale systems at 115 Staples locations were infected with malware that thieves may have used to steal customers' names, payment card numbers, expiration dates and card verification codes, Staples said on Friday. At all but two of those stores, the malware would have had access to customer data for purchases made between August 10 and September 16 of this year. At the remaining two stores, the malware was active from July 20 through September 16, the company said.<p><div class=""share_submission"" style=""position:relative;""> <a class=""slashpop"" href=""http://twitter.com/home?status=Staples%3A+Breach+May+Have+Affected+1.16+Million+Customers'+Cards%3A+http%3A%2F%2Fbit.ly%2F1DSR9Xg""><img src=""http://a.fsdn.com/sd/twitter_icon_large.png""></a> <a class=""slashpop"" href=""http://www.facebook.com/sharer.php?u=http%3A%2F%2Fyro.slashdot.org%2Fstory%2F14%2F12%2F20%2F0051201%2Fstaples-breach-may-have-affected-116-million-customers-cards%3Futm_source%3Dslashdot%26utm_medium%3Dfacebook""><img src=""http://a.fsdn.com/sd/facebook_icon_large.png""></a> <a class=""nobg"" href=""http://plus.google.com/share?url=http://yro.slashdot.org/story/14/12/20/0051201/staples-breach-may-have-affected-116-million-customers-cards?utm_source=slashdot&amp;utm_medium=googleplus"" onclick=""javascript:window.open(this.href,'', 'menubar=no,toolbar=no,resizable=yes,scrollbars=yes,height=600,width=600');return false;""><img src=""http://www.gstatic.com/images/icons/gplus-16.png"" alt=""Share on Google+""/></a> </div></p><p><a href=""http://yro.slashdot.org/story/14/12/20/0051201/staples-breach-may-have-affected-116-million-customers-cards?utm_source=rss1.0moreanon&amp;utm_medium=feed"">Read more of this story</a> at Slashdot.</p><iframe src=""http://slashdot.org/slashdot-it.pl?op=discuss&amp;id=6453671&amp;smallembed=1"" style=""height: 300px; width: 100%; border: none;""></iframe><img width='1' height='1' src='http://slashdot.feedsportal.com/c/35028/f/647410/s/41a104ed/sc/1/mf.gif' border='0'/><br clear='all'/><br/><br/><a href=""http://da.feedsportal.com/r/216443102458/u/49/f/647410/c/35028/s/41a104ed/sc/1/rc/1/rc.htm"" rel=""nofollow""><img src=""http://da.feedsportal.com/r/216443102458/u/49/f/647410/c/35028/s/41a104ed/sc/1/rc/1/rc.img"" border=""0""/></a><br/><a href=""http://da.feedsportal.com/r/216443102458/u/49/f/647410/c/35028/s/41a104ed/sc/1/rc/2/rc.htm"" rel=""nofollow""><img src=""http://da.feedsportal.com/r/216443102458/u/49/f/647410/c/35028/s/41a104ed/sc/1/rc/2/rc.img"" border=""0""/></a><br/><a href=""http://da.feedsportal.com/r/216443102458/u/49/f/647410/c/35028/s/41a104ed/sc/1/rc/3/rc.htm"" rel=""nofollow""><img src=""http://da.feedsportal.com/r/216443102458/u/49/f/647410/c/35028/s/41a104ed/sc/1/rc/3/rc.img"" border=""0""/></a><br/><br/><a href=""http://da.feedsportal.com/r/216443102458/u/49/f/647410/c/35028/s/41a104ed/sc/1/a2.htm""><img src=""http://da.feedsportal.com/r/216443102458/u/49/f/647410/c/35028/s/41a104ed/sc/1/a2.img"" border=""0""/></a><img width=""1"" height=""1"" src=""http://pi.feedsportal.com/r/216443102458/u/49/f/647410/c/35028/s/41a104ed/sc/1/a2t.img"" border=""0""/><img src=""//feeds.feedburner.com/~r/Slashdot/slashdot/~4/_dRdu4HahyY"" height=""1"" width=""1"" alt=""""/>"
Still No Stem Cells Via Easy ‘STAP’ Path (bioethicscom),http://news.feedzilla.com/en_us/stories/science/411375561?client_source=api&format=json,"(Nature) - Haruko Obokata, the Japanese stem-cell biologist whose papers
caused a sensation earlier this year before being retracted, has not succeeded
in an attempt to replicate the controversial experiments, the Japanese media
has reported. The original papers, which Obokata … Read More

"
Study: Red Light Cameras Don't Improve Safety,Study: Red Light Cameras Don't Improve Safety,"An anonymous reader writes: Ars Technica summaries a study by the Chicago Tribune (paywalled) that found red light cameras do not improve driver safety. ""[W]hile right angle crash incidents have been reduced, rear-end crashes that resulted in injuries went up 22 percent."" Chicago officials recently claimed that the cameras led to a 47% reduction ""T-bone"" injury crashes, using that statistic as evidence that the program is worthwhile. But the study's authors, who ""accounted for declining accident rates in recent years as well as other confounding factors, found cameras reduced right-angle crashes that caused injuries by just 15 percent."" They also noted that the city chose to install many cameras at intersections where crashes were rare to begin with. Chicago has raised roughly $500 million from red light camera tickets since 2002. ""[O]fficials recently admitted to the city inspector general that they had quietly dropped the threshold for what constitutes a red light camera ticket, allowing the tickets even when cameras showed a yellow light time just under the three-second federal minimum standard. That shift earlier this year snared 77,000 more drivers and $7.7 million in ticket revenue before the city agreed to change the threshold back.<p><div class=""share_submission"" style=""position:relative;""> <a class=""slashpop"" href=""http://twitter.com/home?status=Study%3A+Red+Light+Cameras+Don't+Improve+Safety%3A+http%3A%2F%2Fbit.ly%2F16DNE8k""><img src=""http://a.fsdn.com/sd/twitter_icon_large.png""></a> <a class=""slashpop"" href=""http://www.facebook.com/sharer.php?u=http%3A%2F%2Ftech.slashdot.org%2Fstory%2F14%2F12%2F20%2F2249226%2Fstudy-red-light-cameras-dont-improve-safety%3Futm_source%3Dslashdot%26utm_medium%3Dfacebook""><img src=""http://a.fsdn.com/sd/facebook_icon_large.png""></a> <a class=""nobg"" href=""http://plus.google.com/share?url=http://tech.slashdot.org/story/14/12/20/2249226/study-red-light-cameras-dont-improve-safety?utm_source=slashdot&amp;utm_medium=googleplus"" onclick=""javascript:window.open(this.href,'', 'menubar=no,toolbar=no,resizable=yes,scrollbars=yes,height=600,width=600');return false;""><img src=""http://www.gstatic.com/images/icons/gplus-16.png"" alt=""Share on Google+""/></a> </div></p><p><a href=""http://tech.slashdot.org/story/14/12/20/2249226/study-red-light-cameras-dont-improve-safety?utm_source=rss1.0moreanon&amp;utm_medium=feed"">Read more of this story</a> at Slashdot.</p><iframe src=""http://slashdot.org/slashdot-it.pl?op=discuss&amp;id=6465559&amp;smallembed=1"" style=""height: 300px; width: 100%; border: none;""></iframe><img width='1' height='1' src='http://slashdot.feedsportal.com/c/35028/f/647410/s/41a5eabc/mf.gif' border='0'/><br clear='all'/><br/><br/><a href=""http://da.feedsportal.com/r/216443078194/u/49/f/647410/c/35028/s/41a5eabc/rc/1/rc.htm"" rel=""nofollow""><img src=""http://da.feedsportal.com/r/216443078194/u/49/f/647410/c/35028/s/41a5eabc/rc/1/rc.img"" border=""0""/></a><br/><a href=""http://da.feedsportal.com/r/216443078194/u/49/f/647410/c/35028/s/41a5eabc/rc/2/rc.htm"" rel=""nofollow""><img src=""http://da.feedsportal.com/r/216443078194/u/49/f/647410/c/35028/s/41a5eabc/rc/2/rc.img"" border=""0""/></a><br/><a href=""http://da.feedsportal.com/r/216443078194/u/49/f/647410/c/35028/s/41a5eabc/rc/3/rc.htm"" rel=""nofollow""><img src=""http://da.feedsportal.com/r/216443078194/u/49/f/647410/c/35028/s/41a5eabc/rc/3/rc.img"" border=""0""/></a><br/><br/><a href=""http://da.feedsportal.com/r/216443078194/u/49/f/647410/c/35028/s/41a5eabc/a2.htm""><img src=""http://da.feedsportal.com/r/216443078194/u/49/f/647410/c/35028/s/41a5eabc/a2.img"" border=""0""/></a><img width=""1"" height=""1"" src=""http://pi.feedsportal.com/r/216443078194/u/49/f/647410/c/35028/s/41a5eabc/a2t.img"" border=""0""/><img src=""//feeds.feedburner.com/~r/Slashdot/slashdot/~4/OZrQoQd0f_I"" height=""1"" width=""1"" alt=""""/>"
T-Mobile To Pay $90M For Unauthorized Charges On Customers' Bills,T-Mobile To Pay $90M For Unauthorized Charges On Customers' Bills,"itwbennett writes T-Mobile US will pay at least $90 million to settle a Federal Communications Commission (FCC) suit that alleged it looked the other way while third parties charged T-Mobile subscribers for services they didn't want. The settlement is the second largest ever for so-called 'cramming,' following one that the FCC reached with AT&amp;T in October. It came just two days after the Consumer Financial Protection Bureau sued Sprint for the same practice.<p><div class=""share_submission"" style=""position:relative;""> <a class=""slashpop"" href=""http://twitter.com/home?status=T-Mobile+To+Pay+%2490M+For+Unauthorized+Charges+On+Customers'+Bills%3A+http%3A%2F%2Fbit.ly%2F1ze97Ay""><img src=""http://a.fsdn.com/sd/twitter_icon_large.png""></a> <a class=""slashpop"" href=""http://www.facebook.com/sharer.php?u=http%3A%2F%2Fyro.slashdot.org%2Fstory%2F14%2F12%2F19%2F2353222%2Ft-mobile-to-pay-90m-for-unauthorized-charges-on-customers-bills%3Futm_source%3Dslashdot%26utm_medium%3Dfacebook""><img src=""http://a.fsdn.com/sd/facebook_icon_large.png""></a> <a class=""nobg"" href=""http://plus.google.com/share?url=http://yro.slashdot.org/story/14/12/19/2353222/t-mobile-to-pay-90m-for-unauthorized-charges-on-customers-bills?utm_source=slashdot&amp;utm_medium=googleplus"" onclick=""javascript:window.open(this.href,'', 'menubar=no,toolbar=no,resizable=yes,scrollbars=yes,height=600,width=600');return false;""><img src=""http://www.gstatic.com/images/icons/gplus-16.png"" alt=""Share on Google+""/></a> </div></p><p><a href=""http://yro.slashdot.org/story/14/12/19/2353222/t-mobile-to-pay-90m-for-unauthorized-charges-on-customers-bills?utm_source=rss1.0moreanon&amp;utm_medium=feed"">Read more of this story</a> at Slashdot.</p><iframe src=""http://slashdot.org/slashdot-it.pl?op=discuss&amp;id=6453511&amp;smallembed=1"" style=""height: 300px; width: 100%; border: none;""></iframe><img width='1' height='1' src='http://slashdot.feedsportal.com/c/35028/f/647410/s/41a06915/sc/21/mf.gif' border='0'/><br clear='all'/><br/><br/><a href=""http://da.feedsportal.com/r/216443051021/u/49/f/647410/c/35028/s/41a06915/sc/21/rc/1/rc.htm"" rel=""nofollow""><img src=""http://da.feedsportal.com/r/216443051021/u/49/f/647410/c/35028/s/41a06915/sc/21/rc/1/rc.img"" border=""0""/></a><br/><a href=""http://da.feedsportal.com/r/216443051021/u/49/f/647410/c/35028/s/41a06915/sc/21/rc/2/rc.htm"" rel=""nofollow""><img src=""http://da.feedsportal.com/r/216443051021/u/49/f/647410/c/35028/s/41a06915/sc/21/rc/2/rc.img"" border=""0""/></a><br/><a href=""http://da.feedsportal.com/r/216443051021/u/49/f/647410/c/35028/s/41a06915/sc/21/rc/3/rc.htm"" rel=""nofollow""><img src=""http://da.feedsportal.com/r/216443051021/u/49/f/647410/c/35028/s/41a06915/sc/21/rc/3/rc.img"" border=""0""/></a><br/><br/><a href=""http://da.feedsportal.com/r/216443051021/u/49/f/647410/c/35028/s/41a06915/sc/21/a2.htm""><img src=""http://da.feedsportal.com/r/216443051021/u/49/f/647410/c/35028/s/41a06915/sc/21/a2.img"" border=""0""/></a><img width=""1"" height=""1"" src=""http://pi.feedsportal.com/r/216443051021/u/49/f/647410/c/35028/s/41a06915/sc/21/a2t.img"" border=""0""/><img src=""//feeds.feedburner.com/~r/Slashdot/slashdot/~4/asV4ICATVyw"" height=""1"" width=""1"" alt=""""/>"
"The Beatles, Bob Dylan and the 50-Year Copyright Itch","The Beatles, Bob Dylan and the 50-Year Copyright Itch","HughPickens.com writes: Victoria Shannon reports in the NY Times that fifty years ago was a good year for music, with the Beatles appearing on Billboard's charts for the first time, the Rolling Stones releasing their first album, the Supremes with five No. 1 hits, and Simon and Garfunkel releasing their debut album. The 50-year milestone is significant, because music published within the first half-century of its recording gets another 20 years of copyright protection under changes in European law. So every year since 2012, studios go through their tape vaults to find unpublished music to get it on the market before the deadline. The first year, Motown released a series of albums packed with outtakes by some of its major acts, and Sony released a limited-edition collection of 1962 outtakes by Bob Dylan, with the surprisingly frank title, ""The Copyright Extension Collection, Vol. I."" In 2013, Sony released a second Dylan set, devoted to previously unreleased 1963 recordings. Similar recordings by the Beatles and the Beach Boys followed. This year, Sony is releasing a limited-edition nine-LP set of 1964 recordings by Dylan, including a 46-second try at ""Mr. Tambourine Man,"" which he would not complete until 1965. The Beach Boys released two copyright-extension sets of outtakes last week. And while there's no official word on a Beatles release, last year around this time, ""The Beatles Bootleg Recordings 1963"" turned up unannounced on iTunes.<p><div class=""share_submission"" style=""position:relative;""> <a class=""slashpop"" href=""http://twitter.com/home?status=The+Beatles%2C+Bob+Dylan+and+the+50-Year+Copyright+Itch%3A+http%3A%2F%2Fbit.ly%2F1v4Sn7D""><img src=""http://a.fsdn.com/sd/twitter_icon_large.png""></a> <a class=""slashpop"" href=""http://www.facebook.com/sharer.php?u=http%3A%2F%2Fentertainment.slashdot.org%2Fstory%2F14%2F12%2F20%2F1432240%2Fthe-beatles-bob-dylan-and-the-50-year-copyright-itch%3Futm_source%3Dslashdot%26utm_medium%3Dfacebook""><img src=""http://a.fsdn.com/sd/facebook_icon_large.png""></a> <a class=""nobg"" href=""http://plus.google.com/share?url=http://entertainment.slashdot.org/story/14/12/20/1432240/the-beatles-bob-dylan-and-the-50-year-copyright-itch?utm_source=slashdot&amp;utm_medium=googleplus"" onclick=""javascript:window.open(this.href,'', 'menubar=no,toolbar=no,resizable=yes,scrollbars=yes,height=600,width=600');return false;""><img src=""http://www.gstatic.com/images/icons/gplus-16.png"" alt=""Share on Google+""/></a> </div></p><p><a href=""http://entertainment.slashdot.org/story/14/12/20/1432240/the-beatles-bob-dylan-and-the-50-year-copyright-itch?utm_source=rss1.0moreanon&amp;utm_medium=feed"">Read more of this story</a> at Slashdot.</p><iframe src=""http://slashdot.org/slashdot-it.pl?op=discuss&amp;id=6463443&amp;smallembed=1"" style=""height: 300px; width: 100%; border: none;""></iframe><img width='1' height='1' src='http://slashdot.feedsportal.com/c/35028/f/647410/s/41a3bb10/sc/30/mf.gif' border='0'/><br clear='all'/><br/><br/><a href=""http://da.feedsportal.com/r/216443113768/u/49/f/647410/c/35028/s/41a3bb10/sc/30/rc/1/rc.htm"" rel=""nofollow""><img src=""http://da.feedsportal.com/r/216443113768/u/49/f/647410/c/35028/s/41a3bb10/sc/30/rc/1/rc.img"" border=""0""/></a><br/><a href=""http://da.feedsportal.com/r/216443113768/u/49/f/647410/c/35028/s/41a3bb10/sc/30/rc/2/rc.htm"" rel=""nofollow""><img src=""http://da.feedsportal.com/r/216443113768/u/49/f/647410/c/35028/s/41a3bb10/sc/30/rc/2/rc.img"" border=""0""/></a><br/><a href=""http://da.feedsportal.com/r/216443113768/u/49/f/647410/c/35028/s/41a3bb10/sc/30/rc/3/rc.htm"" rel=""nofollow""><img src=""http://da.feedsportal.com/r/216443113768/u/49/f/647410/c/35028/s/41a3bb10/sc/30/rc/3/rc.img"" border=""0""/></a><br/><br/><a href=""http://da.feedsportal.com/r/216443113768/u/49/f/647410/c/35028/s/41a3bb10/sc/30/a2.htm""><img src=""http://da.feedsportal.com/r/216443113768/u/49/f/647410/c/35028/s/41a3bb10/sc/30/a2.img"" border=""0""/></a><img width=""1"" height=""1"" src=""http://pi.feedsportal.com/r/216443113768/u/49/f/647410/c/35028/s/41a3bb10/sc/30/a2t.img"" border=""0""/><img src=""//feeds.feedburner.com/~r/Slashdot/slashdot/~4/Z0yDleB4Cvk"" height=""1"" width=""1"" alt=""""/>"
"Tor Network May Be Attacked, Says Project Leader","Tor Network May Be Attacked, Says Project Leader","Earthquake Retrofit writes The Register is reporting that the Tor Project has warned that its network &ndash; used to mask peoples' identities on the internet &ndash; may be knocked offline in the coming days. In a Tor blog post, project leader Roger 'arma' Dingledine said an unnamed group may seize Tor's directory authority servers before the end of next week. These servers distribute the official lists of relays in the network, which are the systems that route users' traffic around the world to obfuscate their internet connections' public IP addresses.<p><div class=""share_submission"" style=""position:relative;""> <a class=""slashpop"" href=""http://twitter.com/home?status=Tor+Network+May+Be+Attacked%2C+Says+Project+Leader%3A+http%3A%2F%2Fbit.ly%2F1zfGVxb""><img src=""http://a.fsdn.com/sd/twitter_icon_large.png""></a> <a class=""slashpop"" href=""http://www.facebook.com/sharer.php?u=http%3A%2F%2Ftech.slashdot.org%2Fstory%2F14%2F12%2F20%2F0535246%2Ftor-network-may-be-attacked-says-project-leader%3Futm_source%3Dslashdot%26utm_medium%3Dfacebook""><img src=""http://a.fsdn.com/sd/facebook_icon_large.png""></a> <a class=""nobg"" href=""http://plus.google.com/share?url=http://tech.slashdot.org/story/14/12/20/0535246/tor-network-may-be-attacked-says-project-leader?utm_source=slashdot&amp;utm_medium=googleplus"" onclick=""javascript:window.open(this.href,'', 'menubar=no,toolbar=no,resizable=yes,scrollbars=yes,height=600,width=600');return false;""><img src=""http://www.gstatic.com/images/icons/gplus-16.png"" alt=""Share on Google+""/></a> </div></p><p><a href=""http://tech.slashdot.org/story/14/12/20/0535246/tor-network-may-be-attacked-says-project-leader?utm_source=rss1.0moreanon&amp;utm_medium=feed"">Read more of this story</a> at Slashdot.</p><iframe src=""http://slashdot.org/slashdot-it.pl?op=discuss&amp;id=6457229&amp;smallembed=1"" style=""height: 300px; width: 100%; border: none;""></iframe><img width='1' height='1' src='http://slashdot.feedsportal.com/c/35028/f/647410/s/41a2bdb8/sc/21/mf.gif' border='0'/><br clear='all'/><br/><br/><a href=""http://da.feedsportal.com/r/216443067482/u/49/f/647410/c/35028/s/41a2bdb8/sc/21/rc/1/rc.htm"" rel=""nofollow""><img src=""http://da.feedsportal.com/r/216443067482/u/49/f/647410/c/35028/s/41a2bdb8/sc/21/rc/1/rc.img"" border=""0""/></a><br/><a href=""http://da.feedsportal.com/r/216443067482/u/49/f/647410/c/35028/s/41a2bdb8/sc/21/rc/2/rc.htm"" rel=""nofollow""><img src=""http://da.feedsportal.com/r/216443067482/u/49/f/647410/c/35028/s/41a2bdb8/sc/21/rc/2/rc.img"" border=""0""/></a><br/><a href=""http://da.feedsportal.com/r/216443067482/u/49/f/647410/c/35028/s/41a2bdb8/sc/21/rc/3/rc.htm"" rel=""nofollow""><img src=""http://da.feedsportal.com/r/216443067482/u/49/f/647410/c/35028/s/41a2bdb8/sc/21/rc/3/rc.img"" border=""0""/></a><br/><br/><a href=""http://da.feedsportal.com/r/216443067482/u/49/f/647410/c/35028/s/41a2bdb8/sc/21/a2.htm""><img src=""http://da.feedsportal.com/r/216443067482/u/49/f/647410/c/35028/s/41a2bdb8/sc/21/a2.img"" border=""0""/></a><img width=""1"" height=""1"" src=""http://pi.feedsportal.com/r/216443067482/u/49/f/647410/c/35028/s/41a2bdb8/sc/21/a2t.img"" border=""0""/><img src=""//feeds.feedburner.com/~r/Slashdot/slashdot/~4/A1P-ziO5lzE"" height=""1"" width=""1"" alt=""""/>"
What Happens To Society When Robots Replace Workers?,What Happens To Society When Robots Replace Workers?,"Paul Fernhout writes: An article in the Harvard Business Review by William H. Davidow and Michael S. Malone suggests: ""The ""Second Economy"" (the term used by economist Brian Arthur to describe the portion of the economy where computers transact business only with other computers) is upon us. It is, quite simply, the virtual economy, and one of its main byproducts is the replacement of workers with intelligent machines powered by sophisticated code. ... This is why we will soon be looking at hordes of citizens of zero economic value. Figuring out how to deal with the impacts of this development will be the greatest challenge facing free market economies in this century. ... Ultimately, we need a new, individualized, cultural, approach to the meaning of work and the purpose of life. Otherwise, people will find a solution &mdash; human beings always do &mdash; but it may not be the one for which we began this technological revolution."" This follows the recent Slashdot discussion of ""Economists Say Newest AI Technology Destroys More Jobs Than It Creates"" citing a NY Times article and other previous discussions like Humans Need Not Apply. What is most interesting to me about this HBR article is not the article itself so much as the fact that concerns about the economic implications of robotics, AI, and automation are now making it into the Harvard Business Review. These issues have been otherwise discussed by alternative economists for decades, such as in the Triple Revolution Memorandum from 1964 &mdash; even as those projections have been slow to play out, with automation's initial effect being more to hold down wages and concentrate wealth rather than to displace most workers. However, they may be reaching the point where these effects have become hard to deny despite going against mainstream theory which assumes infinite demand and broad distribution of purchasing power via wages. As to possible solutions, there is a mention in the HBR article of using government planning by creating public works like infrastructure investments to help address the issue. There is no mention in the article of expanding the ""basic income"" of Social Security currently only received by older people in the U.S., expanding the gift economy as represented by GNU/Linux, or improving local subsistence production using, say, 3D printing and gardening robots like Dewey of ""Silent Running."" So, it seems like the mainstream economics profession is starting to accept the emerging reality of this increasingly urgent issue, but is still struggling to think outside an exchange-oriented box for socioeconomic solutions. A few years ago, I collected dozens of possible good and bad solutions related to this issue. Like Davidow and Malone, I'd agree that the particular mix we end up will be a reflection of our culture. Personally, I feel that if we are heading for a technological ""singularity"" of some sort, we would be better off improving various aspects of our society first, since our trajectory going out of any singularity may have a lot to do with our trajectory going into it.<p><div class=""share_submission"" style=""position:relative;""> <a class=""slashpop"" href=""http://twitter.com/home?status=What+Happens+To+Society+When+Robots+Replace+Workers%3F%3A+http%3A%2F%2Fbit.ly%2F1x7jplZ""><img src=""http://a.fsdn.com/sd/twitter_icon_large.png""></a> <a class=""slashpop"" href=""http://www.facebook.com/sharer.php?u=http%3A%2F%2Fhardware.slashdot.org%2Fstory%2F14%2F12%2F20%2F1618222%2Fwhat-happens-to-society-when-robots-replace-workers%3Futm_source%3Dslashdot%26utm_medium%3Dfacebook""><img src=""http://a.fsdn.com/sd/facebook_icon_large.png""></a> <a class=""nobg"" href=""http://plus.google.com/share?url=http://hardware.slashdot.org/story/14/12/20/1618222/what-happens-to-society-when-robots-replace-workers?utm_source=slashdot&amp;utm_medium=googleplus"" onclick=""javascript:window.open(this.href,'', 'menubar=no,toolbar=no,resizable=yes,scrollbars=yes,height=600,width=600');return false;""><img src=""http://www.gstatic.com/images/icons/gplus-16.png"" alt=""Share on Google+""/></a> </div></p><p><a href=""http://hardware.slashdot.org/story/14/12/20/1618222/what-happens-to-society-when-robots-replace-workers?utm_source=rss1.0moreanon&amp;utm_medium=feed"">Read more of this story</a> at Slashdot.</p><iframe src=""http://slashdot.org/slashdot-it.pl?op=discuss&amp;id=6464467&amp;smallembed=1"" style=""height: 300px; width: 100%; border: none;""></iframe><img width='1' height='1' src='http://slashdot.feedsportal.com/c/35028/f/647410/s/41a4f132/sc/7/mf.gif' border='0'/><br clear='all'/><br/><br/><a href=""http://da.feedsportal.com/r/216443118419/u/49/f/647410/c/35028/s/41a4f132/sc/7/rc/1/rc.htm"" rel=""nofollow""><img src=""http://da.feedsportal.com/r/216443118419/u/49/f/647410/c/35028/s/41a4f132/sc/7/rc/1/rc.img"" border=""0""/></a><br/><a href=""http://da.feedsportal.com/r/216443118419/u/49/f/647410/c/35028/s/41a4f132/sc/7/rc/2/rc.htm"" rel=""nofollow""><img src=""http://da.feedsportal.com/r/216443118419/u/49/f/647410/c/35028/s/41a4f132/sc/7/rc/2/rc.img"" border=""0""/></a><br/><a href=""http://da.feedsportal.com/r/216443118419/u/49/f/647410/c/35028/s/41a4f132/sc/7/rc/3/rc.htm"" rel=""nofollow""><img src=""http://da.feedsportal.com/r/216443118419/u/49/f/647410/c/35028/s/41a4f132/sc/7/rc/3/rc.img"" border=""0""/></a><br/><br/><a href=""http://da.feedsportal.com/r/216443118419/u/49/f/647410/c/35028/s/41a4f132/sc/7/a2.htm""><img src=""http://da.feedsportal.com/r/216443118419/u/49/f/647410/c/35028/s/41a4f132/sc/7/a2.img"" border=""0""/></a><img width=""1"" height=""1"" src=""http://pi.feedsportal.com/r/216443118419/u/49/f/647410/c/35028/s/41a4f132/sc/7/a2t.img"" border=""0""/><img src=""//feeds.feedburner.com/~r/Slashdot/slashdot/~4/foTu3EKZ3aI"" height=""1"" width=""1"" alt=""""/>"
